-- FUNCIONARIO
INSERT INTO FUNCIONARIO (CPF, NOME, DATANASCIMENTO, TELEFONE, CARGO, ANOSEXPERIENCIA, RUA, NUMERO, BAIRRO, CEP, CIDADE, UF)
VALUES ('111.111.111-11', 'Joao Silva', TO_DATE('1990-05-15', 'YYYY-MM-DD'), '1122334455', 'CIENTISTA', 5, 'Rua A', '123', 'Centro', '12345-678', 'Sao Paulo', 'SP');

INSERT INTO FUNCIONARIO (CPF, NOME, DATANASCIMENTO, TELEFONE, CARGO, ANOSEXPERIENCIA, RUA, NUMERO, BAIRRO, CEP, CIDADE, UF)
VALUES ('222.222.222-22', 'Pedro Almeida', TO_DATE('1990-04-10', 'YYYY-MM-DD'), '9876543210', 'ADMINISTRADOR', 6, 'Rua XYZ', '200', 'Bairro C', '54321-987', 'Cidade D', 'UF');

INSERT INTO FUNCIONARIO (CPF, NOME, DATANASCIMENTO, TELEFONE, CARGO, ANOSEXPERIENCIA, RUA, NUMERO, BAIRRO, CEP, CIDADE, UF)
VALUES ('333.333.333-33', 'Ana Silva', TO_DATE('1988-12-05', 'YYYY-MM-DD'), '9123456789', 'MINERADOR', 3, 'Rua QWERTY', '300', 'Bairro E', '13579-246', 'Cidade E', 'UF');

INSERT INTO FUNCIONARIO (CPF, NOME, DATANASCIMENTO, TELEFONE, CARGO, ANOSEXPERIENCIA, RUA, NUMERO, BAIRRO, CEP, CIDADE, UF)
VALUES ('444.444.444-44', 'Luiz Oliveira', TO_DATE('1998-02-15', 'YYYY-MM-DD'), '9234876543', 'CIENTISTA', 2, 'Rua ZXC', '400', 'Bairro F', '98765-432', 'Cidade F', 'UF');

INSERT INTO FUNCIONARIO (CPF, NOME, DATANASCIMENTO, TELEFONE, CARGO, ANOSEXPERIENCIA, RUA, NUMERO, BAIRRO, CEP, CIDADE, UF)
VALUES ('555.555.555-55', 'Carla Santos', TO_DATE('1993-07-25', 'YYYY-MM-DD'), '9333112244', 'PILOTO', 5, 'Rua POIUY', '500', 'Bairro G', '56789-012', 'Cidade G', 'UF');

INSERT INTO FUNCIONARIO (CPF, NOME, DATANASCIMENTO, TELEFONE, CARGO, ANOSEXPERIENCIA, RUA, NUMERO, BAIRRO, CEP, CIDADE, UF)
VALUES ('666.666.666-66', 'Mariana Oliveira', TO_DATE('1995-08-20', 'YYYY-MM-DD'), '9988776655', 'CIENTISTA', 4, 'Rua M', '789', 'Centro', '98765-432', 'Sao Paulo', 'SP');

INSERT INTO FUNCIONARIO (CPF, NOME, DATANASCIMENTO, TELEFONE, CARGO, ANOSEXPERIENCIA, RUA, NUMERO, BAIRRO, CEP, CIDADE, UF)
VALUES ('777.777.777-77', 'Lucas Souza', TO_DATE('1992-06-10', 'YYYY-MM-DD'), '9776655443', 'PILOTO', 5, 'Rua ABC', '456', 'Bairro D', '65432-109', 'Cidade E', 'UF');

INSERT INTO FUNCIONARIO (CPF, NOME, DATANASCIMENTO, TELEFONE, CARGO, ANOSEXPERIENCIA, RUA, NUMERO, BAIRRO, CEP, CIDADE, UF)
VALUES ('888.888.888-88', 'Gabriela Santos', TO_DATE('1989-03-25', 'YYYY-MM-DD'), '9456123789', 'MINERADOR', 2, 'Rua QWERT', '567', 'Bairro F', '76543-210', 'Cidade G', 'UF');

-- TREINAMENTOS_FUNCIONARIO
INSERT INTO TREINAMENTOS_FUNCIONARIO (FUNCIONARIO, TREINAMENTO)
VALUES ('111.111.111-11', 'Boleiro');

INSERT INTO TREINAMENTOS_FUNCIONARIO (FUNCIONARIO, TREINAMENTO)
VALUES ('666.666.666-66', 'Instrumentacao');

-- ADMINISTRADOR
INSERT INTO ADMINISTRADOR (CPF) VALUES ('222.222.222-22');

-- CIENTISTA
INSERT INTO CIENTISTA (CPF, GRAU_ACADEMICO, INSTITUTO_FORMACAO)
VALUES ('111.111.111-11', 'Doutorado', 'Universidade DEF');

INSERT INTO CIENTISTA (CPF, GRAU_ACADEMICO, INSTITUTO_FORMACAO)
VALUES ('444.444.444-44', 'Doutorado', 'Universidade XYZ');

INSERT INTO CIENTISTA (CPF, GRAU_ACADEMICO, INSTITUTO_FORMACAO)
VALUES ('666.666.666-66', 'Mestrado', 'Universidade ABC');

-- PUBLICACOES_CIENTISTA
INSERT INTO PUBLICACOES_CIENTISTA (CIENTISTA, PUBLICACAO)
VALUES ('111.111.111-11', 'Artigo 1');

INSERT INTO PUBLICACOES_CIENTISTA (CIENTISTA, PUBLICACAO)
VALUES ('666.666.666-66', 'Artigo 2');

INSERT INTO PUBLICACOES_CIENTISTA (CIENTISTA, PUBLICACAO)
VALUES ('666.666.666-66', 'Artigo 1');

-- PILOTO
INSERT INTO PILOTO (CPF, TIPO_LICENCA, VALIDADE_LICENCA)
VALUES ('555.555.555-55', 'Tipo A', TO_DATE('2027-12-31', 'YYYY-MM-DD'));

INSERT INTO PILOTO (CPF, TIPO_LICENCA, VALIDADE_LICENCA)
VALUES ('777.777.777-77', 'Tipo B', TO_DATE('2026-12-31', 'YYYY-MM-DD'));

-- MINERADOR
INSERT INTO MINERADOR (CPF) 
VALUES ('555.555.555-55');

INSERT INTO MINERADOR (CPF) 
VALUES ('888.888.888-88');

-- CERTIFICACAO_MINERADOR
INSERT INTO CERTIFICACAO_MINERADOR (MINERADOR, NOME_CERTIFICACAO)
VALUES ('555.555.555-55', 'Certificacao Z');

INSERT INTO CERTIFICACAO_MINERADOR (MINERADOR, NOME_CERTIFICACAO)
VALUES ('888.888.888-88', 'Certificacao Y');

-- FERRAMENTAS_DOMINADAS
INSERT INTO FERRAMENTAS_DOMINADAS (MINERADOR, FERRAMENTA)
VALUES ('555.555.555-55', 'Martelo');

INSERT INTO FERRAMENTAS_DOMINADAS (MINERADOR, FERRAMENTA)
VALUES ('888.888.888-88', 'Broca');

-- FORNECEDOR
INSERT INTO FORNECEDOR (CNPJ, NOME, RUA, NUMERO, BAIRRO, CEP, CIDADE, UF)
VALUES ('11.111.111/0001-11', 'Fornecedor A', 'Rua X', '456', 'Bairro B', '54321-987', 'Rio de Janeiro', 'RJ');

-- TIPO_FORNECEDOR
INSERT INTO TIPO_FORNECEDOR (CNPJ, TIPO)
VALUES ('11.111.111/0001-11', 'Tipo X');

-- PLANETA
INSERT INTO PLANETA (DESIGNACAO_ASTRONOMICA, TIPO_CLIMATICO, TEMPERATURA_MEDIA, PRESSAO_ATMOSFERICA, DIAMETRO, MASSA, DISTANCIA_TERRA, TIPO_PLANETA, EXISTENCIA_AGUA, DURACAO_DIA)
VALUES ('Planeta X', 'Tropical', 25, 1, '12000 km', '5.9x10^24', '149600000', 'Rochoso', 'S', 24);

INSERT INTO PLANETA (DESIGNACAO_ASTRONOMICA, TIPO_CLIMATICO, TEMPERATURA_MEDIA, PRESSAO_ATMOSFERICA, DIAMETRO, MASSA, DISTANCIA_TERRA, TIPO_PLANETA, EXISTENCIA_AGUA, DURACAO_DIA)
VALUES ('Planeta Y', 'Temperado', 20, 1.2, '15000 km', '7.2x10^24', '180000000', 'Gasoso', 'N', 30);

INSERT INTO PLANETA (DESIGNACAO_ASTRONOMICA, TIPO_CLIMATICO, TEMPERATURA_MEDIA, PRESSAO_ATMOSFERICA, DIAMETRO, MASSA, DISTANCIA_TERRA, TIPO_PLANETA, EXISTENCIA_AGUA, DURACAO_DIA)
VALUES ('Planeta Z', 'Frio', -10, 0.8, '10000 km', '3.5x10^24', '200000000', 'Rochoso', 'N', 36);

INSERT INTO PLANETA (DESIGNACAO_ASTRONOMICA, TIPO_CLIMATICO, TEMPERATURA_MEDIA, PRESSAO_ATMOSFERICA, DIAMETRO, MASSA, DISTANCIA_TERRA, TIPO_PLANETA, EXISTENCIA_AGUA, DURACAO_DIA)
VALUES ('Planeta Vazio', 'Frio', -10, 0.8, '10000 km', '3.5x10^24', '200000000', 'Rochoso', 'N', 36);

-- PERIGOS_POTENCIAIS
INSERT INTO PERIGOS_POTENCIAIS (PLANETA, PERIGO_POTENCIAL)
VALUES ('Planeta X', 'Tempestades');

INSERT INTO PERIGOS_POTENCIAIS (PLANETA, PERIGO_POTENCIAL)
VALUES ('Planeta Y', 'Radiacao Solar');

INSERT INTO PERIGOS_POTENCIAIS (PLANETA, PERIGO_POTENCIAL)
VALUES ('Planeta Z', 'Geleiras Extensas');

-- NAVE
INSERT INTO NAVE (NUMERO_CHASSI, MODELO, NUMERO_TRIPULANTES, VOLUME_MAX_CARGA, ESTADO, VELOCIDADE_MAXIMA)
VALUES ('CHASSI1', 'Modelo A', 5, 1000, 'Ativa', 200);

INSERT INTO NAVE (NUMERO_CHASSI, MODELO, NUMERO_TRIPULANTES, VOLUME_MAX_CARGA, ESTADO, VELOCIDADE_MAXIMA)
VALUES ('CHASSI2', 'Modelo B', 8, 1500, 'Ativa', 180);

INSERT INTO NAVE (NUMERO_CHASSI, MODELO, NUMERO_TRIPULANTES, VOLUME_MAX_CARGA, ESTADO, VELOCIDADE_MAXIMA)
VALUES ('CHASSI3', 'Modelo C', 10, 2000, 'Ativa', 250);

INSERT INTO NAVE (NUMERO_CHASSI, MODELO, NUMERO_TRIPULANTES, VOLUME_MAX_CARGA, ESTADO, VELOCIDADE_MAXIMA)
VALUES ('CHASSI4', 'Modelo A', 5, 1000, 'Ativa', 200);

INSERT INTO NAVE (NUMERO_CHASSI, MODELO, NUMERO_TRIPULANTES, VOLUME_MAX_CARGA, ESTADO, VELOCIDADE_MAXIMA)
VALUES ('CHASSI5', 'Modelo B', 8, 1500, 'Ativa', 180);

INSERT INTO NAVE (NUMERO_CHASSI, MODELO, NUMERO_TRIPULANTES, VOLUME_MAX_CARGA, ESTADO, VELOCIDADE_MAXIMA)
VALUES ('CHASSI6', 'Modelo C', 10, 2000, 'Ativa', 250);

-- MISSAO
INSERT INTO MISSAO (PLANETA, DATA_HORA_PARTIDA, DATA_HORA_RETORNO, PROPOSITO, NAVE, PILOTO, ADMINISTRADOR)
VALUES ('Planeta X', TO_DATE('2023-10-20 08:00:00', 'YYYY-MM-DD HH24:MI:SS'), TO_DATE('2023-10-30 08:00:00', 'YYYY-MM-DD HH24:MI:SS'), 'Exploracao', 'CHASSI1', '777.777.777-77', '222.222.222-22');

INSERT INTO MISSAO (PLANETA, DATA_HORA_PARTIDA, DATA_HORA_RETORNO, PROPOSITO, NAVE, PILOTO, ADMINISTRADOR)
VALUES ('Planeta Y', TO_DATE('2023-11-15 16:00:00', 'YYYY-MM-DD HH24:MI:SS'), TO_DATE('2023-11-25 16:00:00', 'YYYY-MM-DD HH24:MI:SS'), 'Coleta', 'CHASSI2', '555.555.555-55', '222.222.222-22');

INSERT INTO MISSAO (PLANETA, DATA_HORA_PARTIDA, DATA_HORA_RETORNO, PROPOSITO, NAVE, PILOTO, ADMINISTRADOR)
VALUES ('Planeta Z', TO_DATE('2023-11-20 13:00:00', 'YYYY-MM-DD HH24:MI:SS'), TO_DATE('2023-11-30 13:00:00', 'YYYY-MM-DD HH24:MI:SS'), 'Estudo Geologico', 'CHASSI3', '777.777.777-77', '222.222.222-22');

INSERT INTO MISSAO (PLANETA, DATA_HORA_PARTIDA, DATA_HORA_RETORNO, PROPOSITO, NAVE, PILOTO, ADMINISTRADOR)
VALUES ('Planeta X', TO_DATE('2023-10-20 07:00:00', 'YYYY-MM-DD HH24:MI:SS'), TO_DATE('2023-10-30 08:00:00', 'YYYY-MM-DD HH24:MI:SS'), 'Mineracao', 'CHASSI4', '555.555.555-55', '222.222.222-22');

INSERT INTO MISSAO (PLANETA, DATA_HORA_PARTIDA, DATA_HORA_RETORNO, PROPOSITO, NAVE, PILOTO, ADMINISTRADOR)
VALUES ('Planeta Y', TO_DATE('2023-11-15 15:00:00', 'YYYY-MM-DD HH24:MI:SS'), TO_DATE('2023-11-25 16:00:00', 'YYYY-MM-DD HH24:MI:SS'), 'Estudo Atmosférico', 'CHASSI5', '777.777.777-77', '222.222.222-22');

INSERT INTO MISSAO (PLANETA, DATA_HORA_PARTIDA, DATA_HORA_RETORNO, PROPOSITO, NAVE, PILOTO, ADMINISTRADOR)
VALUES ('Planeta Z', TO_DATE('2023-11-20 12:00:00', 'YYYY-MM-DD HH24:MI:SS'), TO_DATE('2023-11-30 13:00:00', 'YYYY-MM-DD HH24:MI:SS'), 'Mineracao', 'CHASSI6', '555.555.555-55', '222.222.222-22');

-- COLETA
INSERT INTO COLETA (PLANETA, DATA_HORA_PARTIDA, VOLUME_TOTAL)
VALUES ('Planeta X', TO_DATE('2023-10-20 08:00:00', 'YYYY-MM-DD HH24:MI:SS'), '5000 m2');

INSERT INTO COLETA (PLANETA, DATA_HORA_PARTIDA, VOLUME_TOTAL)
VALUES ('Planeta Y', TO_DATE('2023-11-15 16:00:00', 'YYYY-MM-DD HH24:MI:SS'), '7000 m2');

INSERT INTO COLETA (PLANETA, DATA_HORA_PARTIDA, VOLUME_TOTAL)
VALUES ('Planeta Z', TO_DATE('2023-11-20 13:00:00', 'YYYY-MM-DD HH24:MI:SS'), '9000 m2');

-- CIENTISTA REALIZA COLETA
INSERT INTO CIENTISTA_REALIZA_COLETA (CIENTISTA, PLANETA, DATA_HORA_PARTIDA)
VALUES ('111.111.111-11', 'Planeta X', TO_DATE('2023-10-20 08:00:00', 'YYYY-MM-DD HH24:MI:SS'));

INSERT INTO CIENTISTA_REALIZA_COLETA (CIENTISTA, PLANETA, DATA_HORA_PARTIDA)
VALUES ('444.444.444-44', 'Planeta Y', TO_DATE('2023-11-15 16:00:00', 'YYYY-MM-DD HH24:MI:SS'));

INSERT INTO CIENTISTA_REALIZA_COLETA (CIENTISTA, PLANETA, DATA_HORA_PARTIDA)
VALUES ('666.666.666-66', 'Planeta Z', TO_DATE('2023-11-20 13:00:00', 'YYYY-MM-DD HH24:MI:SS'));

-- AMOSTRA
INSERT INTO AMOSTRA (PLANETA, DATA_HORA_PARTIDA, DATA_HORA_COLETA, ESTADO_PRESERVACAO, FONTE)
VALUES ('Planeta X', TO_DATE('2023-10-20 08:00:00', 'YYYY-MM-DD HH24:MI:SS'), TO_DATE('2023-10-20', 'YYYY-MM-DD'), 'Preservada', 'Fonte A');

INSERT INTO AMOSTRA (PLANETA, DATA_HORA_PARTIDA, DATA_HORA_COLETA, ESTADO_PRESERVACAO, FONTE)
VALUES ('Planeta Y', TO_DATE('2023-11-15 16:00:00', 'YYYY-MM-DD HH24:MI:SS'), TO_DATE('2023-11-15', 'YYYY-MM-DD'), 'Preservada', 'Fonte B');

INSERT INTO AMOSTRA (PLANETA, DATA_HORA_PARTIDA, DATA_HORA_COLETA, ESTADO_PRESERVACAO, FONTE)
VALUES ('Planeta Z',  TO_DATE('2023-11-20 13:00:00', 'YYYY-MM-DD HH24:MI:SS'), TO_DATE('2023-11-20', 'YYYY-MM-DD'), 'Preservada', 'Fonte C');

-- OBSERVACOES
INSERT INTO OBSERVACOES (ID_AMOSTRA, TEXTO)
VALUES (1, 'Observacao importante');

INSERT INTO OBSERVACOES (ID_AMOSTRA, TEXTO)
VALUES (2, 'Observacao relevante');

INSERT INTO OBSERVACOES (ID_AMOSTRA, TEXTO)
VALUES (3, 'Observacao crucial');

-- MATERIAL
INSERT INTO MATERIAL (SIGLA, NOME, CATEGORIA, PONTO_FUSAO, PONTO_EBULICAO, RESISTENCIA, CONDUTIVIDADE_TERMICA, CONDUTIVDADE_ELETRICA, REATIVIDADE, UTILIDADE)
VALUES ('M1', 'Material 1', 'Categoria A', 100.00, 200.00, 300.00, 400.00, 500.00, 600.00, 'Util A');

INSERT INTO MATERIAL (SIGLA, NOME, CATEGORIA, PONTO_FUSAO, PONTO_EBULICAO, RESISTENCIA, CONDUTIVIDADE_TERMICA, CONDUTIVDADE_ELETRICA, REATIVIDADE, UTILIDADE)
VALUES ('M2', 'Material 2', 'Categoria B', 150.00, 250.00, 350.00, 450.00, 550.00, 650.00, 'Util B');

INSERT INTO MATERIAL (SIGLA, NOME, CATEGORIA, PONTO_FUSAO, PONTO_EBULICAO, RESISTENCIA, CONDUTIVIDADE_TERMICA, CONDUTIVDADE_ELETRICA, REATIVIDADE, UTILIDADE)
VALUES ('M3', 'Material 3', 'Categoria C', 120.00, 220.00, 320.00, 420.00, 520.00, 620.00, 'Util C');

-- MATERIAL_CONTEM_AMOSTRA
INSERT INTO MATERIAL_CONTEM_AMOSTRA (ID_AMOSTRA, SIGLA_MATERIAL)
VALUES (1, 'M1');

INSERT INTO MATERIAL_CONTEM_AMOSTRA (ID_AMOSTRA, SIGLA_MATERIAL)
VALUES (2, 'M2');

INSERT INTO MATERIAL_CONTEM_AMOSTRA (ID_AMOSTRA, SIGLA_MATERIAL)
VALUES (3, 'M3');

-- MATERIAL_UTIL
INSERT INTO MATERIAL_UTIL (SIGLA_MATERIAL)
VALUES ('M1');

INSERT INTO MATERIAL_UTIL (SIGLA_MATERIAL)
VALUES ('M2');

INSERT INTO MATERIAL_UTIL (SIGLA_MATERIAL)
VALUES ('M3');

-- MINERACAO
INSERT INTO MINERACAO (PLANETA, DATA_HORA_PARTIDA, TECNICA_UTILIZADA, QUANTIDADE_EXTRAIDA)
VALUES ('Planeta X', TO_DATE('2023-10-20 07:00:00', 'YYYY-MM-DD HH24:MI:SS'), 'Tecnica Z', '3000 kg');

INSERT INTO MINERACAO (PLANETA, DATA_HORA_PARTIDA, TECNICA_UTILIZADA, QUANTIDADE_EXTRAIDA)
VALUES ('Planeta Y', TO_DATE('2023-11-15 15:00:00', 'YYYY-MM-DD HH24:MI:SS'), 'Tecnica X', '5000 kg');

INSERT INTO MINERACAO (PLANETA, DATA_HORA_PARTIDA, TECNICA_UTILIZADA, QUANTIDADE_EXTRAIDA)
VALUES ('Planeta Z', TO_DATE('2023-11-20 12:00:00', 'YYYY-MM-DD HH24:MI:SS'), 'Tecnica Y', '7000 kg');

-- MINERADOR_PARTICIPA_MINERACAO
INSERT INTO MINERADOR_PARTICIPA_MINERACAO (MINERADOR, PLANETA, DATA_HORA_PARTIDA)
VALUES ('555.555.555-55', 'Planeta X', TO_DATE('2023-10-20 07:00:00', 'YYYY-MM-DD HH24:MI:SS'));

INSERT INTO MINERADOR_PARTICIPA_MINERACAO (MINERADOR, PLANETA, DATA_HORA_PARTIDA)
VALUES ('888.888.888-88', 'Planeta Y', TO_DATE('2023-11-15 15:00:00', 'YYYY-MM-DD HH24:MI:SS'));

INSERT INTO MINERADOR_PARTICIPA_MINERACAO (MINERADOR, PLANETA, DATA_HORA_PARTIDA)
VALUES ('555.555.555-55', 'Planeta Z', TO_DATE('2023-11-20 12:00:00', 'YYYY-MM-DD HH24:MI:SS'));

-- UTIL_MINERACAO
INSERT INTO UTIL_MINERACAO (SIGLA_MATERIAL, PLANETA, DATA_HORA_PARTIDA)
VALUES ('M1', 'Planeta X', TO_DATE('2023-10-20 07:00:00', 'YYYY-MM-DD HH24:MI:SS'));

INSERT INTO UTIL_MINERACAO (SIGLA_MATERIAL, PLANETA, DATA_HORA_PARTIDA)
VALUES ('M2', 'Planeta Y', TO_DATE('2023-11-15 15:00:00', 'YYYY-MM-DD HH24:MI:SS'));

INSERT INTO UTIL_MINERACAO (SIGLA_MATERIAL, PLANETA, DATA_HORA_PARTIDA)
VALUES ('M3', 'Planeta Z', TO_DATE('2023-11-20 12:00:00', 'YYYY-MM-DD HH24:MI:SS'));

-- LABORATORIO
INSERT INTO LABORATORIO (BLOCO, SALA)
VALUES (4, 404);

INSERT INTO LABORATORIO (BLOCO, SALA)
VALUES (4, 405);

-- ANALISE
INSERT INTO ANALISE (CIENTISTA, ID_AMOSTRA, DATA_E_HORA, BLOCO, SALA)
VALUES ('111.111.111-11', 1, TO_DATE('2023-10-20 09:00:00', 'YYYY-MM-DD HH24:MI:SS'), 4, 404);

INSERT INTO ANALISE (CIENTISTA, ID_AMOSTRA, DATA_E_HORA, BLOCO, SALA)
VALUES ('444.444.444-44', 2, TO_DATE('2023-11-15 17:00:00', 'YYYY-MM-DD HH24:MI:SS'), 4, 405);

INSERT INTO ANALISE (CIENTISTA, ID_AMOSTRA, DATA_E_HORA, BLOCO, SALA)
VALUES ('111.111.111-11', 3, TO_DATE('2023-11-20 14:00:00', 'YYYY-MM-DD HH24:MI:SS'), 4, 404);

-- VENDA
INSERT INTO VENDA (ADMINISTRADOR, FORNECEDOR, DATA_HORA)
VALUES ('222.222.222-22', '11.111.111/0001-11', TO_DATE('2023-05-10', 'YYYY-MM-DD'));

INSERT INTO VENDA (ADMINISTRADOR, FORNECEDOR, DATA_HORA)
VALUES ('222.222.222-22', '11.111.111/0001-11', TO_DATE('2023-06-15', 'YYYY-MM-DD'));

-- EQUIPAMENTO
INSERT INTO EQUIPAMENTO (NUMERO_SERIE, MODELO, NOME, ESTADO, TIPO, ENFOQUE, VENDA)
VALUES (123456789, 'Modelo X', 'Equipamento A', 'Ativo', 'Tipo A', 'Enfoque X', 1);

INSERT INTO EQUIPAMENTO (NUMERO_SERIE, MODELO, NOME, ESTADO, TIPO, ENFOQUE, VENDA)
VALUES (123456788, 'Modelo Y', 'Equipamento B', 'Ativo', 'Tipo A', 'Enfoque Y', 1);

INSERT INTO EQUIPAMENTO (NUMERO_SERIE, MODELO, NOME, ESTADO, TIPO, ENFOQUE, VENDA)
VALUES (123456787, 'Modelo Z', 'Equipamento C', 'Ativo', 'Tipo A', 'Enfoque Z', 1);

INSERT INTO EQUIPAMENTO (NUMERO_SERIE, MODELO, NOME, ESTADO, TIPO, ENFOQUE, VENDA)
VALUES (234567890, 'Modelo W', 'Equipamento D', 'Ativo', 'Tipo B', 'Enfoque W', 2);

-- INSTRUMENTO_DE_ANALISE
INSERT INTO INSTRUMENTO_DE_ANALISE (NUMERO_SERIE)
VALUES (123456789);

INSERT INTO INSTRUMENTO_DE_ANALISE (NUMERO_SERIE)
VALUES (234567890);

-- ANALISE_UTILIZA_INSTRUMENTO_ANALISE
INSERT INTO ANALISE_UTILIZA_INSTRUMENTO_ANALISE (NUMERO_SERIE, CIENTISTA, ID_AMOSTRA, DATA_E_HORA)
VALUES (123456789, '111.111.111-11', 1, TO_DATE('2023-10-20 09:00:00', 'YYYY-MM-DD HH24:MI:SS'));

INSERT INTO ANALISE_UTILIZA_INSTRUMENTO_ANALISE (NUMERO_SERIE, CIENTISTA, ID_AMOSTRA, DATA_E_HORA)
VALUES (234567890, '444.444.444-44', 2, TO_DATE('2023-11-15 17:00:00', 'YYYY-MM-DD HH24:MI:SS'));

INSERT INTO ANALISE_UTILIZA_INSTRUMENTO_ANALISE (NUMERO_SERIE, CIENTISTA, ID_AMOSTRA, DATA_E_HORA)
VALUES (123456789, '111.111.111-11', 3, TO_DATE('2023-11-20 14:00:00', 'YYYY-MM-DD HH24:MI:SS'));

-- INSTRUMENTO_COLETA
INSERT INTO INSTRUMENTO_COLETA (NUMERO_SERIE)
VALUES (123456788);

-- COLETA_UTILIZA_INSTRUMENTO_COLETA
INSERT INTO COLETA_UTILIZA_INSTRUMENTO_COLETA (NUMERO_SERIE, PLANETA, DATA_HORA_PARTIDA)
VALUES (123456788, 'Planeta X', TO_DATE('2023-10-20 08:00:00', 'YYYY-MM-DD HH24:MI:SS'));

INSERT INTO COLETA_UTILIZA_INSTRUMENTO_COLETA (NUMERO_SERIE, PLANETA, DATA_HORA_PARTIDA)
VALUES (123456788, 'Planeta Y', TO_DATE('2023-11-15 16:00:00', 'YYYY-MM-DD HH24:MI:SS'));

INSERT INTO COLETA_UTILIZA_INSTRUMENTO_COLETA (NUMERO_SERIE, PLANETA, DATA_HORA_PARTIDA)
VALUES (123456788, 'Planeta Z', TO_DATE('2023-11-20 13:00:00', 'YYYY-MM-DD HH24:MI:SS'));

-- FERRAMENTA_MINERACAO
INSERT INTO FERRAMENTA_DE_MINERACAO (NUMERO_SERIE)
VALUES (123456787);

-- MINERACAO_UTILIZA_INSTRUMENTO_MINERACAO
INSERT INTO MINERACAO_UTILIZA_INSTRUMENTO_MINERACAO (NUMERO_SERIE, PLANETA, DATA_HORA_PARTIDA)
VALUES (123456787, 'Planeta X', TO_DATE('2023-10-20 07:00:00', 'YYYY-MM-DD HH24:MI:SS'));

INSERT INTO MINERACAO_UTILIZA_INSTRUMENTO_MINERACAO (NUMERO_SERIE, PLANETA, DATA_HORA_PARTIDA)
VALUES (123456787, 'Planeta Y', TO_DATE('2023-11-15 15:00:00', 'YYYY-MM-DD HH24:MI:SS'));

INSERT INTO MINERACAO_UTILIZA_INSTRUMENTO_MINERACAO (NUMERO_SERIE, PLANETA, DATA_HORA_PARTIDA)
VALUES (123456787, 'Planeta Z', TO_DATE('2023-11-20 12:00:00', 'YYYY-MM-DD HH24:MI:SS'));
